Workbook

Sheet Area
A1: id | B1: name | C1: vaild | D1: level_min | E1: level_max | F1: stagecount | G1: hero_list | H1: res_id | I1: desc
A2: 0 | B2: 区域模型 | C2: 0 | D2: 1 | E2: 3 | F2: 10 | G2: 1007,1008,1009 | H2: 1 | I2: 无
A3: 1 | B3: 区域1 | C3: 0 | D3: 1 | E3: 3 | F3: 10 | G3: 1007,1008,1010 | H3: 2 | I3: 无
A4: 2 | B4: 区域2 | C4: 0 | D4: 1 | E4: 3 | F4: 10 | G4: 1007,1008,1011 | H4: 3 | I4: 无
A5: 3 | B5: 区域3 | C5: 0 | D5: 1 | E5: 3 | F5: 10 | G5: 1007,1008,1012 | H5: 4 | I5: 无
A6: 4 | B6: 区域4 | C6: 0 | D6: 1 | E6: 3 | F6: 10 | G6: 1007,1008,1013 | H6: 5 | I6: 无
A7: 5 | B7: 区域5 | C7: 0 | D7: 1 | E7: 3 | F7: 10 | G7: 1007,1008,1014 | H7: 6 | I7: 无
A8: 100 | B8: 小村落 | C8: 1 | D8: 1 | E8: 3 | F8: 10 | G8: 1007,1011,1035 | H8: 7 | I8: 无
A9: 101 | B9: 村落郊外I | C9: 1 | D9: 2 | E9: 4 | F9: 10 | G9: 1007,1011,1036 | H9: 8 | I9: 无
A10: 102 | B10: 村落郊外II | C10: 1 | D10: 3 | E10: 5 | F10: 10 | G10: 1007,1011,1017 | H10: 9 | I10: 无
A11: 103 | B11: 小城镇I | C11: 1 | D11: 4 | E11: 7 | F11: 10 | G11: 1007,1011,1018 | H11: 10 | I11: 无
A12: 104 | B12: 小城镇II | C12: 1 | D12: 5 | E12: 9 | F12: 10 | G12: 1007,1011,1019 | H12: 11 | I12: 无
A13: 105 | B13: 郊外大草原I | C13: 1 | D13: 6 | E13: 8 | F13: 10 | G13: 1017,1018,1019 | H13: 12 | I13: 无
... A21: 113 | B21: 城邦小路III | C21: 1 | D21: 14 | E21: 17 | F21: 10 | G21: 1017,1018,1019 | H21: 20 | I21: 无

Sheet 计算
A1: =Area!A1 -> id | B1: =Area!B1 -> name | C1: =Area!C1 -> vaild | D1: =Area!D1 -> level_min | E1: =Area!E1 -> level_max | F1: =Area!F1 -> stagecount | G1: =Area!G1 -> hero_list | H1: =Area!H1 -> res_id | I1: =Area!I1 -> desc | K1: 区域索引 | L1: 等级均值 | M1: 血量均值 | N1: 金币均值 | Q1: 英雄HP系数 | R1: 4
A2: =Area!A2 -> 0 | B2: =Area!B2 -> 区域模型 | C2: =Area!C2 -> 0 | D2: =Area!D2 -> 1 | E2: =Area!E2 -> 3 | F2: =Area!F2 -> 10 | G2: =Area!G2 -> 1007,1008,1009 | H2: =Area!H2 -> 1 | I2: =Area!I2 -> 无 | K2: =ROW()-1 -> 1 | L2: =AVERAGE(D2:E2) -> 2 | M2: =POWER($L2,2.5)*$R$1 -> 22.627417 | N2: =POWER($L2,2)*$R$6 -> 8 | Q2: 英雄等级
A3: =Area!A3 -> 1 | B3: =Area!B3 -> 区域1 | C3: =Area!C3 -> 0 | D3: =Area!D3 -> 1 | E3: =Area!E3 -> 3 | F3: =Area!F3 -> 10 | G3: =Area!G3 -> 1007,1008,1010 | H3: =Area!H3 -> 2 | I3: =Area!I3 -> 无 | K3: =ROW()-1 -> 2 | L3: =AVERAGE(D3:E3) -> 2 | M3: =POWER($L3,2.5)*$R$1 -> 22.627417 | N3: =POWER($L3,2)*$R$6 -> 8 | Q3: Normal英雄
A4: =Area!A4 -> 2 | B4: =Area!B4 -> 区域2 | C4: =Area!C4 -> 0 | D4: =Area!D4 -> 1 | E4: =Area!E4 -> 3 | F4: =Area!F4 -> 10 | G4: =Area!G4 -> 1007,1008,1011 | H4: =Area!H4 -> 3 | I4: =Area!I4 -> 无 | K4: =ROW()-1 -> 3 | L4: =AVERAGE(D4:E4) -> 2 | M4: =POWER($L4,2.5)*$R$1 -> 22.627417 | N4: =POWER($L4,2)*$R$6 -> 8 | Q4: BOSS英雄
A5: =Area!A5 -> 3 | B5: =Area!B5 -> 区域3 | C5: =Area!C5 -> 0 | D5: =Area!D5 -> 1 | E5: =Area!E5 -> 3 | F5: =Area!F5 -> 10 | G5: =Area!G5 -> 1007,1008,1012 | H5: =Area!H5 -> 4 | I5: =Area!I5 -> 无 | K5: =ROW()-1 -> 4 | L5: =AVERAGE(D5:E5) -> 2 | M5: =POWER($L5,2.5)*$R$1 -> 22.627417 | N5: =POWER($L5,2)*$R$6 -> 8 | Q5: Rare英雄
A6: =Area!A6 -> 4 | B6: =Area!B6 -> 区域4 | C6: =Area!C6 -> 0 | D6: =Area!D6 -> 1 | E6: =Area!E6 -> 3 | F6: =Area!F6 -> 10 | G6: =Area!G6 -> 1007,1008,1013 | H6: =Area!H6 -> 5 | I6: =Area!I6 -> 无 | K6: =ROW()-1 -> 5 | L6: =AVERAGE(D6:E6) -> 2 | M6: =POWER($L6,2.5)*$R$1 -> 22.627417 | N6: =POWER($L6,2)*$R$6 -> 8 | Q6: 英雄GOLD均值 | R6: 2
A7: =Area!A7 -> 5 | B7: =Area!B7 -> 区域5 | C7: =Area!C7 -> 0 | D7: =Area!D7 -> 1 | E7: =Area!E7 -> 3 | F7: =Area!F7 -> 10 | G7: =Area!G7 -> 1007,1008,1014 | H7: =Area!H7 -> 6 | I7: =Area!I7 -> 无 | K7: =ROW()-1 -> 6 | L7: =AVERAGE(D7:E7) -> 2 | M7: =POWER($L7,2.5)*$R$1 -> 22.627417 | N7: =POWER($L7,2)*$R$6 -> 8
A8: =Area!A8 -> 100 | B8: =Area!B8 -> 小村落 | C8: =Area!C8 -> 1 | D8: =Area!D8 -> 1 | E8: =Area!E8 -> 3 | F8: =Area!F8 -> 10 | G8: =Area!G8 -> 1007,1011,1035 | H8: =Area!H8 -> 7 | I8: =Area!I8 -> 无 | K8: =ROW()-1 -> 7 | L8: =AVERAGE(D8:E8) -> 2 | M8: =POWER($L8,2.5)*$R$1 -> 22.627417 | N8: =POWER($L8,2)*$R$6 -> 8
A9: =Area!A9 -> 101 | B9: =Area!B9 -> 村落郊外I | C9: =Area!C9 -> 1 | D9: =Area!D9 -> 2 | E9: =Area!E9 -> 4 | F9: =Area!F9 -> 10 | G9: =Area!G9 -> 1007,1011,1036 | H9: =Area!H9 -> 8 | I9: =Area!I9 -> 无 | K9: =ROW()-1 -> 8 | L9: =AVERAGE(D9:E9) -> 3 | M9: =POWER($L9,2.5)*$R$1 -> 62.353829 | N9: =POWER($L9,2)*$R$6 -> 18
A10: =Area!A10 -> 102 | B10: =Area!B10 -> 村落郊外II | C10: =Area!C10 -> 1 | D10: =Area!D10 -> 3 | E10: =Area!E10 -> 5 | F10: =Area!F10 -> 10 | G10: =Area!G10 -> 1007,1011,1017 | H10: =Area!H10 -> 9 | I10: =Area!I10 -> 无 | K10: =ROW()-1 -> 9 | L10: =AVERAGE(D10:E10) -> 4 | M10: =POWER($L10,2.5)*$R$1 -> 128 | N10: =POWER($L10,2)*$R$6 -> 32
A11: =Area!A11 -> 103 | B11: =Area!B11 -> 小城镇I | C11: =Area!C11 -> 1 | D11: =Area!D11 -> 4 | E11: =Area!E11 -> 7 | F11: =Area!F11 -> 10 | G11: =Area!G11 -> 1007,1011,1018 | H11: =Area!H11 -> 10 | I11: =Area!I11 -> 无 | K11: =ROW()-1 -> 10 | L11: =AVERAGE(D11:E11) -> 5.5 | M11: =POWER($L11,2.5)*$R$1 -> 283.77015 | N11: =POWER($L11,2)*$R$6 -> 60.5
A12: =Area!A12 -> 104 | B12: =Area!B12 -> 小城镇II | C12: =Area!C12 -> 1 | D12: =Area!D12 -> 5 | E12: 8 | F12: =Area!F12 -> 10 | G12: =Area!G12 -> 1007,1011,1019 | H12: =Area!H12 -> 11 | I12: =Area!I12 -> 无 | K12: =ROW()-1 -> 11 | L12: =AVERAGE(D12:E12) -> 6.5 | M12: =POWER($L12,2.5)*$R$1 -> 430.86715 | N12: =POWER($L12,2)*$R$6 -> 84.5
A13: =Area!A13 -> 105 | B13: =Area!B13 -> 郊外大草原I | C13: =Area!C13 -> 1 | D13: =Area!D13 -> 6 | E13: 9 | F13: =Area!F13 -> 10 | G13: =Area!G13 -> 1017,1018,1019 | H13: =Area!H13 -> 12 | I13: =Area!I13 -> 无 | K13: =ROW()-1 -> 12 | L13: =AVERAGE(D13:E13) -> 7.5 | M13: =POWER($L13,2.5)*$R$1 -> 616.18788 | N13: =POWER($L13,2)*$R$6 -> 112.5
A14: =Area!A14 -> 106 | B14: =Area!B14 -> 郊外大草原II | C14: =Area!C14 -> 1 | D14: =Area!D14 -> 7 | E14: =Area!E14 -> 10 | F14: =Area!F14 -> 10 | G14: =Area!G14 -> 1017,1018,1019 | H14: =Area!H14 -> 13 | I14: =Area!I14 -> 无 | K14: =ROW()-1 -> 13 | L14: =AVERAGE(D14:E14) -> 8.5 | M14: =POWER($L14,2.5)*$R$1 -> 842.57255 | N14: =POWER($L14,2)*$R$6 -> 144.5
A15: =Area!A15 -> 107 | B15: =Area!B15 -> 郊外大草原III | C15: =Area!C15 -> 1 | D15: =Area!D15 -> 8 | E15: =Area!E15 -> 11 | F15: =Area!F15 -> 10 | G15: =Area!G15 -> 1017,1018,1019 | H15: =Area!H15 -> 14 | I15: =Area!I15 -> 无 | K15: =ROW()-1 -> 14 | L15: =AVERAGE(D15:E15) -> 9.5 | M15: =POWER($L15,2.5)*$R$1 -> 1112.6767 | N15: =POWER($L15,2)*$R$6 -> 180.5
A16: =Area!A16 -> 108 | B16: =Area!B16 -> 宁静森林I | C16: =Area!C16 -> 1 | D16: =Area!D16 -> 9 | E16: =Area!E16 -> 12 | F16: =Area!F16 -> 10 | G16: =Area!G16 -> 1017,1018,1019 | H16: =Area!H16 -> 15 | I16: =Area!I16 -> 无 | K16: =ROW()-1 -> 15 | L16: =AVERAGE(D16:E16) -> 10.5 | M16: =POWER($L16,2.5)*$R$1 -> 1429.0033 | N16: =POWER($L16,2)*$R$6 -> 220.5
A17: =Area!A17 -> 109 | B17: =Area!B17 -> 宁静森林II | C17: =Area!C17 -> 1 | D17: =Area!D17 -> 10 | E17: =Area!E17 -> 13 | F17: =Area!F17 -> 10 | G17: =Area!G17 -> 1017,1018,1019 | H17: =Area!H17 -> 16 | I17: =Area!I17 -> 无 | K17: =ROW()-1 -> 16 | L17: =AVERAGE(D17:E17) -> 11.5 | M17: =POWER($L17,2.5)*$R$1 -> 1793.9263 | N17: =POWER($L17,2)*$R$6 -> 264.5
A18: =Area!A18 -> 110 | B18: =Area!B18 -> 宁静森林III | C18: =Area!C18 -> 1 | D18: =Area!D18 -> 11 | E18: =Area!E18 -> 14 | F18: =Area!F18 -> 10 | G18: =Area!G18 -> 1017,1018,1019 | H18: =Area!H18 -> 17 | I18: =Area!I18 -> 无 | K18: =ROW()-1 -> 17 | L18: =AVERAGE(D18:E18) -> 12.5 | M18: =POWER($L18,2.5)*$R$1 -> 2209.7087 | N18: =POWER($L18,2)*$R$6 -> 312.5
A19: =Area!A19 -> 111 | B19: =Area!B19 -> 城邦小路I | C19: =Area!C19 -> 1 | D19: =Area!D19 -> 12 | E19: =Area!E19 -> 15 | F19: =Area!F19 -> 10 | G19: =Area!G19 -> 1017,1018,1019 | H19: =Area!H19 -> 18 | I19: =Area!I19 -> 无 | K19: =ROW()-1 -> 18 | L19: =AVERAGE(D19:E19) -> 13.5 | M19: =POWER($L19,2.5)*$R$1 -> 2678.517 | N19: =POWER($L19,2)*$R$6 -> 364.5
A20: =Area!A20 -> 112 | B20: =Area!B20 -> 城邦小路II | C20: =Area!C20 -> 1 | D20: =Area!D20 -> 13 | E20: =Area!E20 -> 16 | F20: =Area!F20 -> 10 | G20: =Area!G20 -> 1017,1018,1019 | H20: =Area!H20 -> 19 | I20: =Area!I20 -> 无 | K20: =ROW()-1 -> 19 | L20: =AVERAGE(D20:E20) -> 14.5 | M20: =POWER($L20,2.5)*$R$1 -> 3202.4326 | N20: =POWER($L20,2)*$R$6 -> 420.5
A21: =Area!A21 -> 113 | B21: =Area!B21 -> 城邦小路III | C21: =Area!C21 -> 1 | D21: =Area!D21 -> 14 | E21: =Area!E21 -> 17 | F21: =Area!F21 -> 10 | G21: =Area!G21 -> 1017,1018,1019 | H21: =Area!H21 -> 20 | I21: =Area!I21 -> 无 | K21: =ROW()-1 -> 20 | L21: =AVERAGE(D21:E21) -> 15.5 | M21: =POWER($L21,2.5)*$R$1 -> 3783.4608 | N21: =POWER($L21,2)*$R$6 -> 480.5
