Workbook

Sheet 数据索引
A1: 耗费 | B1: value | D1: 卡牌类型(type | E1: value | I1: 目标(aim | J1: value | M1: 元素属性(element | N1: value
A2: 0 | B2: 0.5 | D2: 0 | E2: 100 | F2: 普通 | G2: 使用后进入弃牌堆 | I2: 0 | J2: 0 | K2: 无 | M2: 0 | N2: 200 | O2: 无
A3: 1 | B3: 1 | D3: 1 | E3: 200 | F3: 能力 | G3: 使用一次后消失 | I3: 1 | J3: 1 | K3: 敌方指定单体 | M3: 1 | N3: 250 | O3: 火 | P3: 克风，相克伤害+50%，被克伤害-50%
A4: 2 | B4: 2 | I4: 2 | J4: 1 | K4: 我方指定单体 | M4: 2 | N4: 250 | O4: 水 | P4: 克火
A5: 3 | B5: 3 | I5: 3 | J5: 2.5 | K5: 敌方全体 | M5: 3 | N5: 250 | O5: 风 | P5: 克土
I6: 4 | J6: 2.5 | K6: 我方全体 | M6: 4 | N6: 250 | O6: 土 | P6: 克水
I7: 5 | J7: 0 | K7: 敌方前排
I8: 6 | J8: 0 | K8: 我方前排
I9: 7 | J9: 0 | K9: 敌方后排
I10: 8 | J10: 0 | K10: 我方后排

Sheet card
A1: id | B1: name | C1: ap | D1: type | E1: aim | F1: element | G1: damage | H1: armor | I1: img | J1: desc
A2: =card数值!A2 -> 1001 | B2: =VLOOKUP($A2,card数值!$A:$AB,MATCH(B$1,card数值!$1:$1,0),FALSE) -> 斩击 | C2: =VLOOKUP($A2,card数值!$A:$AB,MATCH(C$1,card数值!$1:$1,0),FALSE) -> 1 | D2: =VLOOKUP($A2,card数值!$A:$AB,MATCH(D$1,card数值!$1:$1,0),FALSE) -> 0 | E2: =VLOOKUP($A2,card数值!$A:$AB,MATCH(E$1,card数值!$1:$1,0),FALSE) -> 2 | F2: =VLOOKUP($A2,card数值!$A:$AB,MATCH(F$1,card数值!$1:$1,0),FALSE) -> 0 | G2: =VLOOKUP($A2,card数值!$A:$AB,MATCH(G$1,card数值!$1:$1,0),FALSE) -> -7 | H2: =VLOOKUP($A2,card数值!$A:$AB,MATCH(H$1,card数值!$1:$1,0),FALSE) -> 0 | I2: =VLOOKUP($A2,card数值!$A:$AB,MATCH(I$1,card数值!$1:$1,0),FALSE) -> 1001 | J2: =VLOOKUP($A2,card数值!$A:$AB,MATCH(J$1,card数值!$1:$1,0),FALSE) -> 攻击目标
A3: =card数值!A3 -> 1002 | B3: =VLOOKUP($A3,card数值!$A:$AB,MATCH(B$1,card数值!$1:$1,0),FALSE) -> 防御 | C3: =VLOOKUP($A3,card数值!$A:$AB,MATCH(C$1,card数值!$1:$1,0),FALSE) -> 1 | D3: =VLOOKUP($A3,card数值!$A:$AB,MATCH(D$1,card数值!$1:$1,0),FALSE) -> 0 | E3: =VLOOKUP($A3,card数值!$A:$AB,MATCH(E$1,card数值!$1:$1,0),FALSE) -> 2 | F3: =VLOOKUP($A3,card数值!$A:$AB,MATCH(F$1,card数值!$1:$1,0),FALSE) -> 0 | G3: =VLOOKUP($A3,card数值!$A:$AB,MATCH(G$1,card数值!$1:$1,0),FALSE) -> 0 | H3: =VLOOKUP($A3,card数值!$A:$AB,MATCH(H$1,card数值!$1:$1,0),FALSE) -> 6 | I3: =VLOOKUP($A3,card数值!$A:$AB,MATCH(I$1,card数值!$1:$1,0),FALSE) -> 1002 | J3: =VLOOKUP($A3,card数值!$A:$AB,MATCH(J$1,card数值!$1:$1,0),FALSE) -> 生成护甲，护甲只保存到下个回合
A4: =card数值!A4 -> 1003 | B4: =VLOOKUP($A4,card数值!$A:$AB,MATCH(B$1,card数值!$1:$1,0),FALSE) -> 恢复 | C4: =VLOOKUP($A4,card数值!$A:$AB,MATCH(C$1,card数值!$1:$1,0),FALSE) -> 1 | D4: =VLOOKUP($A4,card数值!$A:$AB,MATCH(D$1,card数值!$1:$1,0),FALSE) -> 0 | E4: =VLOOKUP($A4,card数值!$A:$AB,MATCH(E$1,card数值!$1:$1,0),FALSE) -> 2 | F4: =VLOOKUP($A4,card数值!$A:$AB,MATCH(F$1,card数值!$1:$1,0),FALSE) -> 0 | G4: =VLOOKUP($A4,card数值!$A:$AB,MATCH(G$1,card数值!$1:$1,0),FALSE) -> 5 | H4: =VLOOKUP($A4,card数值!$A:$AB,MATCH(H$1,card数值!$1:$1,0),FALSE) -> 0 | I4: =VLOOKUP($A4,card数值!$A:$AB,MATCH(I$1,card数值!$1:$1,0),FALSE) -> 1003 | J4: =VLOOKUP($A4,card数值!$A:$AB,MATCH(J$1,card数值!$1:$1,0),FALSE) -> 治疗自己
A5: =card数值!A5 -> 1004 | B5: =VLOOKUP($A5,card数值!$A:$AB,MATCH(B$1,card数值!$1:$1,0),FALSE) -> 斩击·火 | C5: =VLOOKUP($A5,card数值!$A:$AB,MATCH(C$1,card数值!$1:$1,0),FALSE) -> 1 | D5: =VLOOKUP($A5,card数值!$A:$AB,MATCH(D$1,card数值!$1:$1,0),FALSE) -> 0 | E5: =VLOOKUP($A5,card数值!$A:$AB,MATCH(E$1,card数值!$1:$1,0),FALSE) -> 1 | F5: =VLOOKUP($A5,card数值!$A:$AB,MATCH(F$1,card数值!$1:$1,0),FALSE) -> 1 | G5: =VLOOKUP($A5,card数值!$A:$AB,MATCH(G$1,card数值!$1:$1,0),FALSE) -> -6 | H5: =VLOOKUP($A5,card数值!$A:$AB,MATCH(H$1,card数值!$1:$1,0),FALSE) -> 0 | I5: =VLOOKUP($A5,card数值!$A:$AB,MATCH(I$1,card数值!$1:$1,0),FALSE) -> 1004 | J5: =VLOOKUP($A5,card数值!$A:$AB,MATCH(J$1,card数值!$1:$1,0),FALSE) -> 对风属性有特效
A6: =card数值!A6 -> 1005 | B6: =VLOOKUP($A6,card数值!$A:$AB,MATCH(B$1,card数值!$1:$1,0),FALSE) -> 斩击·水 | C6: =VLOOKUP($A6,card数值!$A:$AB,MATCH(C$1,card数值!$1:$1,0),FALSE) -> 1 | D6: =VLOOKUP($A6,card数值!$A:$AB,MATCH(D$1,card数值!$1:$1,0),FALSE) -> 0 | E6: =VLOOKUP($A6,card数值!$A:$AB,MATCH(E$1,card数值!$1:$1,0),FALSE) -> 1 | F6: =VLOOKUP($A6,card数值!$A:$AB,MATCH(F$1,card数值!$1:$1,0),FALSE) -> 2 | G6: =VLOOKUP($A6,card数值!$A:$AB,MATCH(G$1,card数值!$1:$1,0),FALSE) -> -6 | H6: =VLOOKUP($A6,card数值!$A:$AB,MATCH(H$1,card数值!$1:$1,0),FALSE) -> 0 | I6: =VLOOKUP($A6,card数值!$A:$AB,MATCH(I$1,card数值!$1:$1,0),FALSE) -> 1005 | J6: =VLOOKUP($A6,card数值!$A:$AB,MATCH(J$1,card数值!$1:$1,0),FALSE) -> 对水属性有特效
A7: =card数值!A7 -> 1006 | B7: =VLOOKUP($A7,card数值!$A:$AB,MATCH(B$1,card数值!$1:$1,0),FALSE) -> 斩击·风 | C7: =VLOOKUP($A7,card数值!$A:$AB,MATCH(C$1,card数值!$1:$1,0),FALSE) -> 1 | D7: =VLOOKUP($A7,card数值!$A:$AB,MATCH(D$1,card数值!$1:$1,0),FALSE) -> 0 | E7: =VLOOKUP($A7,card数值!$A:$AB,MATCH(E$1,card数值!$1:$1,0),FALSE) -> 1 | F7: =VLOOKUP($A7,card数值!$A:$AB,MATCH(F$1,card数值!$1:$1,0),FALSE) -> 3 | G7: =VLOOKUP($A7,card数值!$A:$AB,MATCH(G$1,card数值!$1:$1,0),FALSE) -> -6 | H7: =VLOOKUP($A7,card数值!$A:$AB,MATCH(H$1,card数值!$1:$1,0),FALSE) -> 0 | I7: =VLOOKUP($A7,card数值!$A:$AB,MATCH(I$1,card数值!$1:$1,0),FALSE) -> 1006 | J7: =VLOOKUP($A7,card数值!$A:$AB,MATCH(J$1,card数值!$1:$1,0),FALSE) -> 对土属性有特效
A8: =card数值!A8 -> 1007 | B8: =VLOOKUP($A8,card数值!$A:$AB,MATCH(B$1,card数值!$1:$1,0),FALSE) -> 斩击·土 | C8: =VLOOKUP($A8,card数值!$A:$AB,MATCH(C$1,card数值!$1:$1,0),FALSE) -> 1 | D8: =VLOOKUP($A8,card数值!$A:$AB,MATCH(D$1,card数值!$1:$1,0),FALSE) -> 0 | E8: =VLOOKUP($A8,card数值!$A:$AB,MATCH(E$1,card数值!$1:$1,0),FALSE) -> 1 | F8: =VLOOKUP($A8,card数值!$A:$AB,MATCH(F$1,card数值!$1:$1,0),FALSE) -> 4 | G8: =VLOOKUP($A8,card数值!$A:$AB,MATCH(G$1,card数值!$1:$1,0),FALSE) -> -6 | H8: =VLOOKUP($A8,card数值!$A:$AB,MATCH(H$1,card数值!$1:$1,0),FALSE) -> 0 | I8: =VLOOKUP($A8,card数值!$A:$AB,MATCH(I$1,card数值!$1:$1,0),FALSE) -> 1007 | J8: =VLOOKUP($A8,card数值!$A:$AB,MATCH(J$1,card数值!$1:$1,0),FALSE) -> 对水属性有特效
A9: =card数值!A9 -> 1008 | B9: =VLOOKUP($A9,card数值!$A:$AB,MATCH(B$1,card数值!$1:$1,0),FALSE) -> 原始无属性 | C9: =VLOOKUP($A9,card数值!$A:$AB,MATCH(C$1,card数值!$1:$1,0),FALSE) -> 0 | D9: =VLOOKUP($A9,card数值!$A:$AB,MATCH(D$1,card数值!$1:$1,0),FALSE) -> 1 | E9: =VLOOKUP($A9,card数值!$A:$AB,MATCH(E$1,card数值!$1:$1,0),FALSE) -> 2 | F9: =VLOOKUP($A9,card数值!$A:$AB,MATCH(F$1,card数值!$1:$1,0),FALSE) -> 0 | G9: =VLOOKUP($A9,card数值!$A:$AB,MATCH(G$1,card数值!$1:$1,0),FALSE) -> 0 | H9: =VLOOKUP($A9,card数值!$A:$AB,MATCH(H$1,card数值!$1:$1,0),FALSE) -> 0 | I9: =VLOOKUP($A9,card数值!$A:$AB,MATCH(I$1,card数值!$1:$1,0),FALSE) -> 1008 | J9: =VLOOKUP($A9,card数值!$A:$AB,MATCH(J$1,card数值!$1:$1,0),FALSE) -> 入场时触发使用，将目标变为无属性
A10: =card数值!A10 -> 1009 | B10: =VLOOKUP($A10,card数值!$A:$AB,MATCH(B$1,card数值!$1:$1,0),FALSE) -> 原始火属性 | C10: =VLOOKUP($A10,card数值!$A:$AB,MATCH(C$1,card数值!$1:$1,0),FALSE) -> 0 | D10: =VLOOKUP($A10,card数值!$A:$AB,MATCH(D$1,card数值!$1:$1,0),FALSE) -> 1 | E10: =VLOOKUP($A10,card数值!$A:$AB,MATCH(E$1,card数值!$1:$1,0),FALSE) -> 2 | F10: =VLOOKUP($A10,card数值!$A:$AB,MATCH(F$1,card数值!$1:$1,0),FALSE) -> 1 | G10: =VLOOKUP($A10,card数值!$A:$AB,MATCH(G$1,card数值!$1:$1,0),FALSE) -> 0 | H10: =VLOOKUP($A10,card数值!$A:$AB,MATCH(H$1,card数值!$1:$1,0),FALSE) -> 0 | I10: =VLOOKUP($A10,card数值!$A:$AB,MATCH(I$1,card数值!$1:$1,0),FALSE) -> 1009 | J10: =VLOOKUP($A10,card数值!$A:$AB,MATCH(J$1,card数值!$1:$1,0),FALSE) -> 入场时触发使用，将目标变为火属性
A11: =card数值!A11 -> 1010 | B11: =VLOOKUP($A11,card数值!$A:$AB,MATCH(B$1,card数值!$1:$1,0),FALSE) -> 原始水属性 | C11: =VLOOKUP($A11,card数值!$A:$AB,MATCH(C$1,card数值!$1:$1,0),FALSE) -> 0 | D11: =VLOOKUP($A11,card数值!$A:$AB,MATCH(D$1,card数值!$1:$1,0),FALSE) -> 1 | E11: =VLOOKUP($A11,card数值!$A:$AB,MATCH(E$1,card数值!$1:$1,0),FALSE) -> 2 | F11: =VLOOKUP($A11,card数值!$A:$AB,MATCH(F$1,card数值!$1:$1,0),FALSE) -> 2 | G11: =VLOOKUP($A11,card数值!$A:$AB,MATCH(G$1,card数值!$1:$1,0),FALSE) -> 0 | H11: =VLOOKUP($A11,card数值!$A:$AB,MATCH(H$1,card数值!$1:$1,0),FALSE) -> 0 | I11: =VLOOKUP($A11,card数值!$A:$AB,MATCH(I$1,card数值!$1:$1,0),FALSE) -> 1010 | J11: =VLOOKUP($A11,card数值!$A:$AB,MATCH(J$1,card数值!$1:$1,0),FALSE) -> 入场时触发使用，将目标变为水属性
A12: =card数值!A12 -> 1011 | B12: =VLOOKUP($A12,card数值!$A:$AB,MATCH(B$1,card数值!$1:$1,0),FALSE) -> 原始风属性 | C12: =VLOOKUP($A12,card数值!$A:$AB,MATCH(C$1,card数值!$1:$1,0),FALSE) -> 0 | D12: =VLOOKUP($A12,card数值!$A:$AB,MATCH(D$1,card数值!$1:$1,0),FALSE) -> 1 | E12: =VLOOKUP($A12,card数值!$A:$AB,MATCH(E$1,card数值!$1:$1,0),FALSE) -> 2 | F12: =VLOOKUP($A12,card数值!$A:$AB,MATCH(F$1,card数值!$1:$1,0),FALSE) -> 3 | G12: =VLOOKUP($A12,card数值!$A:$AB,MATCH(G$1,card数值!$1:$1,0),FALSE) -> 0 | H12: =VLOOKUP($A12,card数值!$A:$AB,MATCH(H$1,card数值!$1:$1,0),FALSE) -> 0 | I12: =VLOOKUP($A12,card数值!$A:$AB,MATCH(I$1,card数值!$1:$1,0),FALSE) -> 1011 | J12: =VLOOKUP($A12,card数值!$A:$AB,MATCH(J$1,card数值!$1:$1,0),FALSE) -> 入场时触发使用，将目标变为风属性
A13: =card数值!A13 -> 1012 | B13: =VLOOKUP($A13,card数值!$A:$AB,MATCH(B$1,card数值!$1:$1,0),FALSE) -> 原始土属性 | C13: =VLOOKUP($A13,card数值!$A:$AB,MATCH(C$1,card数值!$1:$1,0),FALSE) -> 0 | D13: =VLOOKUP($A13,card数值!$A:$AB,MATCH(D$1,card数值!$1:$1,0),FALSE) -> 1 | E13: =VLOOKUP($A13,card数值!$A:$AB,MATCH(E$1,card数值!$1:$1,0),FALSE) -> 2 | F13: =VLOOKUP($A13,card数值!$A:$AB,MATCH(F$1,card数值!$1:$1,0),FALSE) -> 4 | G13: =VLOOKUP($A13,card数值!$A:$AB,MATCH(G$1,card数值!$1:$1,0),FALSE) -> 0 | H13: =VLOOKUP($A13,card数值!$A:$AB,MATCH(H$1,card数值!$1:$1,0),FALSE) -> 0 | I13: =VLOOKUP($A13,card数值!$A:$AB,MATCH(I$1,card数值!$1:$1,0),FALSE) -> 1012 | J13: =VLOOKUP($A13,card数值!$A:$AB,MATCH(J$1,card数值!$1:$1,0),FALSE) -> 入场时触发使用，将目标变为地属性

Sheet monster
A1: id | B1: name | C1: hp | D1: armor | E1: cards
A2: 1001 | B2: =VLOOKUP($A2,monster数值!$A:$AA,MATCH(B$1,monster数值!$1:$1,0),FALSE) -> 普通的怪 | C2: =VLOOKUP($A2,monster数值!$A:$AA,MATCH(C$1,monster数值!$1:$1,0),FALSE) -> 100 | D2: =VLOOKUP($A2,monster数值!$A:$AA,MATCH(D$1,monster数值!$1:$1,0),FALSE) -> 0 | E2: =VLOOKUP($A2,monster数值!$A:$AA,MATCH(E$1,monster数值!$1:$1,0),FALSE) -> 0
A3: 1002 | B3: =VLOOKUP($A3,monster数值!$A:$AA,MATCH(B$1,monster数值!$1:$1,0),FALSE) -> 火元素 | C3: =VLOOKUP($A3,monster数值!$A:$AA,MATCH(C$1,monster数值!$1:$1,0),FALSE) -> 255 | D3: =VLOOKUP($A3,monster数值!$A:$AA,MATCH(D$1,monster数值!$1:$1,0),FALSE) -> 0 | E3: =VLOOKUP($A3,monster数值!$A:$AA,MATCH(E$1,monster数值!$1:$1,0),FALSE) -> 0
A4: 1003 | B4: =VLOOKUP($A4,monster数值!$A:$AA,MATCH(B$1,monster数值!$1:$1,0),FALSE) -> 水元素 | C4: =VLOOKUP($A4,monster数值!$A:$AA,MATCH(C$1,monster数值!$1:$1,0),FALSE) -> 255 | D4: =VLOOKUP($A4,monster数值!$A:$AA,MATCH(D$1,monster数值!$1:$1,0),FALSE) -> 0 | E4: =VLOOKUP($A4,monster数值!$A:$AA,MATCH(E$1,monster数值!$1:$1,0),FALSE) -> 0
A5: 1004 | B5: =VLOOKUP($A5,monster数值!$A:$AA,MATCH(B$1,monster数值!$1:$1,0),FALSE) -> 风元素 | C5: =VLOOKUP($A5,monster数值!$A:$AA,MATCH(C$1,monster数值!$1:$1,0),FALSE) -> 255 | D5: =VLOOKUP($A5,monster数值!$A:$AA,MATCH(D$1,monster数值!$1:$1,0),FALSE) -> 0 | E5: =VLOOKUP($A5,monster数值!$A:$AA,MATCH(E$1,monster数值!$1:$1,0),FALSE) -> 0
A6: 1005 | B6: =VLOOKUP($A6,monster数值!$A:$AA,MATCH(B$1,monster数值!$1:$1,0),FALSE) -> 土元素 | C6: =VLOOKUP($A6,monster数值!$A:$AA,MATCH(C$1,monster数值!$1:$1,0),FALSE) -> 255 | D6: =VLOOKUP($A6,monster数值!$A:$AA,MATCH(D$1,monster数值!$1:$1,0),FALSE) -> 0 | E6: =VLOOKUP($A6,monster数值!$A:$AA,MATCH(E$1,monster数值!$1:$1,0),FALSE) -> 0

Sheet card数值
A1: id | B1: name | C1: ap | D1: type | E1: aim | F1: element | G1: damage | H1: armor | I1: img | J1: desc | K1: value
A2: 1001 | B2: 斩击 | C2: 1 | D2: 0 | E2: 2 | F2: 0 | G2: -7 | I2: =A2 -> 1001 | J2: 攻击目标 | K2: =(VLOOKUP($D2,数据索引!D:E,2,FALSE)+(VLOOKUP($F2,数据索引!M:N,2,FALSE)+IF($G2<=0,ABS($G2)*$P$2,ABS($G2)*$P$4)+ABS($H2)*$P$3)*VLOOKUP($E2,数据索引!I:J,2,FALSE))/VLOOKUP($C2,数据索引!A:B,2,FALSE) -> 1000 | O2: damage价值权重 | P2: 100
A3: 1002 | B3: 防御 | C3: 1 | D3: 0 | E3: 2 | F3: 0 | H3: 6 | I3: =A3 -> 1002 | J3: 生成护甲，护甲只保存到下个回合 | K3: =(VLOOKUP($D3,数据索引!D:E,2,FALSE)+(VLOOKUP($F3,数据索引!M:N,2,FALSE)+IF($G3<=0,ABS($G3)*$P$2,ABS($G3)*$P$4)+ABS($H3)*$P$3)*VLOOKUP($E3,数据索引!I:J,2,FALSE))/VLOOKUP($C3,数据索引!A:B,2,FALSE) -> 1050 | O3: armor价值权重 | P3: 125
A4: 1003 | B4: 恢复 | C4: 1 | D4: 0 | E4: 2 | F4: 0 | G4: 5 | I4: =A4 -> 1003 | J4: 治疗自己 | K4: =(VLOOKUP($D4,数据索引!D:E,2,FALSE)+(VLOOKUP($F4,数据索引!M:N,2,FALSE)+IF($G4<=0,ABS($G4)*$P$2,ABS($G4)*$P$4)+ABS($H4)*$P$3)*VLOOKUP($E4,数据索引!I:J,2,FALSE))/VLOOKUP($C4,数据索引!A:B,2,FALSE) -> 1050 | O4: 恢复价值权重 | P4: 150
A5: 1004 | B5: 斩击·火 | C5: 1 | D5: 0 | E5: 1 | F5: 1 | G5: -6 | I5: =A5 -> 1004 | J5: 对风属性有特效 | K5: =(VLOOKUP($D5,数据索引!D:E,2,FALSE)+(VLOOKUP($F5,数据索引!M:N,2,FALSE)+IF($G5<=0,ABS($G5)*$P$2,ABS($G5)*$P$4)+ABS($H5)*$P$3)*VLOOKUP($E5,数据索引!I:J,2,FALSE))/VLOOKUP($C5,数据索引!A:B,2,FALSE) -> 950
A6: 1005 | B6: 斩击·水 | C6: 1 | D6: 0 | E6: 1 | F6: 2 | G6: -6 | I6: =A6 -> 1005 | J6: 对水属性有特效 | K6: =(VLOOKUP($D6,数据索引!D:E,2,FALSE)+(VLOOKUP($F6,数据索引!M:N,2,FALSE)+IF($G6<=0,ABS($G6)*$P$2,ABS($G6)*$P$4)+ABS($H6)*$P$3)*VLOOKUP($E6,数据索引!I:J,2,FALSE))/VLOOKUP($C6,数据索引!A:B,2,FALSE) -> 950
A7: 1006 | B7: 斩击·风 | C7: 1 | D7: 0 | E7: 1 | F7: 3 | G7: -6 | I7: =A7 -> 1006 | J7: 对土属性有特效 | K7: =(VLOOKUP($D7,数据索引!D:E,2,FALSE)+(VLOOKUP($F7,数据索引!M:N,2,FALSE)+IF($G7<=0,ABS($G7)*$P$2,ABS($G7)*$P$4)+ABS($H7)*$P$3)*VLOOKUP($E7,数据索引!I:J,2,FALSE))/VLOOKUP($C7,数据索引!A:B,2,FALSE) -> 950
A8: 1007 | B8: 斩击·土 | C8: 1 | D8: 0 | E8: 1 | F8: 4 | G8: -6 | I8: =A8 -> 1007 | J8: 对水属性有特效 | K8: =(VLOOKUP($D8,数据索引!D:E,2,FALSE)+(VLOOKUP($F8,数据索引!M:N,2,FALSE)+IF($G8<=0,ABS($G8)*$P$2,ABS($G8)*$P$4)+ABS($H8)*$P$3)*VLOOKUP($E8,数据索引!I:J,2,FALSE))/VLOOKUP($C8,数据索引!A:B,2,FALSE) -> 950
A9: 1008 | B9: 原始无属性 | C9: 0 | D9: 1 | E9: 2 | F9: 0 | I9: =A9 -> 1008 | J9: 入场时触发使用，将目标变为无属性 | K9: =(VLOOKUP($D9,数据索引!D:E,2,FALSE)+(VLOOKUP($F9,数据索引!M:N,2,FALSE)+IF($G9<=0,ABS($G9)*$P$2,ABS($G9)*$P$4)+ABS($H9)*$P$3)*VLOOKUP($E9,数据索引!I:J,2,FALSE))/VLOOKUP($C9,数据索引!A:B,2,FALSE) -> 800
A10: 1009 | B10: 原始火属性 | C10: 0 | D10: 1 | E10: 2 | F10: 1 | I10: =A10 -> 1009 | J10: 入场时触发使用，将目标变为火属性 | K10: =(VLOOKUP($D10,数据索引!D:E,2,FALSE)+(VLOOKUP($F10,数据索引!M:N,2,FALSE)+IF($G10<=0,ABS($G10)*$P$2,ABS($G10)*$P$4)+ABS($H10)*$P$3)*VLOOKUP($E10,数据索引!I:J,2,FALSE))/VLOOKUP($C10,数据索引!A:B,2,FALSE) -> 900
A11: 1010 | B11: 原始水属性 | C11: 0 | D11: 1 | E11: 2 | F11: 2 | I11: =A11 -> 1010 | J11: 入场时触发使用，将目标变为水属性 | K11: =(VLOOKUP($D11,数据索引!D:E,2,FALSE)+(VLOOKUP($F11,数据索引!M:N,2,FALSE)+IF($G11<=0,ABS($G11)*$P$2,ABS($G11)*$P$4)+ABS($H11)*$P$3)*VLOOKUP($E11,数据索引!I:J,2,FALSE))/VLOOKUP($C11,数据索引!A:B,2,FALSE) -> 900
A12: 1011 | B12: 原始风属性 | C12: 0 | D12: 1 | E12: 2 | F12: 3 | I12: =A12 -> 1011 | J12: 入场时触发使用，将目标变为风属性 | K12: =(VLOOKUP($D12,数据索引!D:E,2,FALSE)+(VLOOKUP($F12,数据索引!M:N,2,FALSE)+IF($G12<=0,ABS($G12)*$P$2,ABS($G12)*$P$4)+ABS($H12)*$P$3)*VLOOKUP($E12,数据索引!I:J,2,FALSE))/VLOOKUP($C12,数据索引!A:B,2,FALSE) -> 900
A13: 1012 | B13: 原始土属性 | C13: 0 | D13: 1 | E13: 2 | F13: 4 | I13: =A13 -> 1012 | J13: 入场时触发使用，将目标变为地属性 | K13: =(VLOOKUP($D13,数据索引!D:E,2,FALSE)+(VLOOKUP($F13,数据索引!M:N,2,FALSE)+IF($G13<=0,ABS($G13)*$P$2,ABS($G13)*$P$4)+ABS($H13)*$P$3)*VLOOKUP($E13,数据索引!I:J,2,FALSE))/VLOOKUP($C13,数据索引!A:B,2,FALSE) -> 900
M20: 暂以value 1000作为标准
M21: value作为平衡值暂定公式为：(类型价值权重 + (元素价值权重 + 效果值价值权重) * 目标价值权重) / ap价值权重
M23: value在游戏中作为炼金值评估，超出则无法炼制

Sheet monster数值
A1: id | B1: name | C1: hp | D1: armor | E1: cards
A2: 1001 | B2: 普通的怪 | C2: 100 | D2: 0
A3: 1002 | B3: 火元素 | C3: 255
A4: 1003 | B4: 水元素 | C4: 255
A5: 1004 | B5: 风元素 | C5: 255
A6: 1005 | B6: 土元素 | C6: 255
